<?xml version="1.0"?>
<!DOCTYPE hibernate-mapping PUBLIC "-//Hibernate/Hibernate Mapping DTD 3.0//EN"
"http://www.hibernate.org/dtd/hibernate-mapping-3.0.dtd">
<!-- Generated 27/05/2018 04:12:12 PM by Hibernate Tools 4.3.1 -->
<hibernate-mapping>
    <class name="Entidades.AccionRealizada" table="AccionRealizada" catalog="TTA053Sistema" optimistic-lock="version">
        <id name="idAccionRealizada" type="string">
            <column name="idAccionRealizada" length="36" />
            <generator class="assigned" />
        </id>
        <many-to-one name="estadoAnimo" class="Entidades.EstadoAnimo" fetch="select">
            <column name="idEstadoAnimofk" length="36" not-null="true" />
        </many-to-one>
        <property name="accion" type="string">
            <column name="accion" length="60" not-null="true" />
        </property>
        <property name="comentario" type="string">
            <column name="Comentario" length="150" />
        </property>
    </class>
</hibernate-mapping>
