<?xml version="1.0"?>
<!DOCTYPE hibernate-mapping PUBLIC "-//Hibernate/Hibernate Mapping DTD 3.0//EN"
"http://www.hibernate.org/dtd/hibernate-mapping-3.0.dtd">
<!-- Generated 27/05/2018 04:12:12 PM by Hibernate Tools 4.3.1 -->
<hibernate-mapping>
    <class name="Entidades.Agenda" table="Agenda" catalog="TTA053Sistema" optimistic-lock="version">
        <id name="idAgenda" type="string">
            <column name="idAgenda" length="36" />
            <generator class="assigned" />
        </id>
        <many-to-one name="psicologo" class="Entidades.Psicologo" fetch="select">
            <column name="idPsicologofk" length="36" not-null="true" />
        </many-to-one>
        <property name="nombre" type="string">
            <column name="Nombre" length="50" not-null="true" />
        </property>
        <property name="descripcion" type="string">
            <column name="Descripcion" length="50" not-null="true" />
        </property>
<!--        <set name="dias" table="Dia" inverse="true" lazy="true" fetch="select">
            <key>
                <column name="idAgendafk" length="36" not-null="true" />
            </key>
            <one-to-many class="Entidades.Dia" />
        </set>-->
    </class>
</hibernate-mapping>
