<?xml version="1.0"?>
<!DOCTYPE hibernate-mapping PUBLIC "-//Hibernate/Hibernate Mapping DTD 3.0//EN"
"http://www.hibernate.org/dtd/hibernate-mapping-3.0.dtd">
<!-- Generated 27/05/2018 04:12:12 PM by Hibernate Tools 4.3.1 -->
<hibernate-mapping>
    <class name="Entidades.AnalisisNeuronal" table="AnalisisNeuronal" catalog="TTA053Sistema" optimistic-lock="version">
        <id name="idAnalisisNeuronal" type="string">
            <column name="idAnalisisNeuronal" length="36" />
            <generator class="assigned" />
        </id>
        <many-to-one name="pregunta" class="Entidades.Pregunta" fetch="select">
            <column name="idPreguntafk" length="36" not-null="true" />
        </many-to-one>
        <property name="senial1" type="java.lang.Double">
            <column name="senial1" precision="22" scale="0" />
        </property>
        <property name="senial2" type="java.lang.Double">
            <column name="senial2" precision="22" scale="0" />
        </property>
        <property name="senial3" type="java.lang.Double">
            <column name="senial3" precision="22" scale="0" />
        </property>
        <property name="senial4" type="java.lang.Double">
            <column name="senial4" precision="22" scale="0" />
        </property>
        <property name="hora" type="time">
            <column name="hora" length="8" />
        </property>
        <property name="analisisNeuronalcol" type="string">
            <column name="AnalisisNeuronalcol" length="45" />
        </property>
    </class>
</hibernate-mapping>
