<?xml version="1.0"?>
<!DOCTYPE hibernate-mapping PUBLIC "-//Hibernate/Hibernate Mapping DTD 3.0//EN"
"http://www.hibernate.org/dtd/hibernate-mapping-3.0.dtd">
<!-- Generated 27/05/2018 04:12:12 PM by Hibernate Tools 4.3.1 -->
<hibernate-mapping>
    <class name="Entidades.Diagnostico" table="Diagnostico" catalog="TTA053Sistema" optimistic-lock="version">
        <id name="idDiagnostico" type="string">
            <column name="idDiagnostico" length="36" />
            <generator class="assigned" />
        </id>
        <property name="resumenDiagnostico" type="string">
            <column name="ResumenDiagnostico" length="150" not-null="true" />
        </property>
        <property name="diagnostico" type="string">
            <column name="Diagnostico" length="250" not-null="true" />
        </property>
<!--        <set name="historials" table="Historial" inverse="true" lazy="true" fetch="select">
            <key>
                <column name="idDiagnosticofk" length="36" not-null="true" />
            </key>
            <one-to-many class="Entidades.Historial" />
        </set>-->
    </class>
</hibernate-mapping>
