<?xml version="1.0"?>
<!DOCTYPE hibernate-mapping PUBLIC "-//Hibernate/Hibernate Mapping DTD 3.0//EN"
"http://www.hibernate.org/dtd/hibernate-mapping-3.0.dtd">
<!-- Generated 27/05/2018 04:12:12 PM by Hibernate Tools 4.3.1 -->
<hibernate-mapping>
    <class name="Entidades.DiaPaciente" table="DiaPaciente" catalog="TTA053Sistema" optimistic-lock="version">
        <id name="idDiaPaciente" type="string">
            <column name="idDiaPaciente" length="36" />
            <generator class="assigned" />
        </id>
        <many-to-one name="diarioPaciente" class="Entidades.DiarioPaciente" fetch="select">
            <column name="idDiarioPacientefk" length="36" not-null="true" />
        </many-to-one>
        <property name="fecha" type="date">
            <column name="fecha" length="10" not-null="true" />
        </property>
<!--        <set name="estadoAnimos" table="EstadoAnimo" inverse="true" lazy="true" fetch="select">
            <key>
                <column name="idDiaPacientefk" length="36" not-null="true" />
            </key>
            <one-to-many class="Entidades.EstadoAnimo" />
        </set>-->
    </class>
</hibernate-mapping>
