<?xml version="1.0"?>
<!DOCTYPE hibernate-mapping PUBLIC "-//Hibernate/Hibernate Mapping DTD 3.0//EN"
"http://www.hibernate.org/dtd/hibernate-mapping-3.0.dtd">
<!-- Generated 27/05/2018 04:12:12 PM by Hibernate Tools 4.3.1 -->
<hibernate-mapping>
    <class name="Entidades.EstadoAnimo" table="EstadoAnimo" catalog="TTA053Sistema" optimistic-lock="version">
        <id name="idEstadoAnimo" type="string">
            <column name="idEstadoAnimo" length="36" />
            <generator class="assigned" />
        </id>
        <many-to-one name="diaPaciente" class="Entidades.DiaPaciente" fetch="select">
            <column name="idDiaPacientefk" length="36" not-null="true" />
        </many-to-one>
        <property name="nombre" type="string">
            <column name="Nombre" length="60" not-null="true" />
        </property>
<!--        <set name="accionRealizadas" table="AccionRealizada" inverse="true" lazy="true" fetch="select">
            <key>
                <column name="idEstadoAnimofk" length="36" not-null="true" />
            </key>
            <one-to-many class="Entidades.AccionRealizada" />
        </set>-->
    </class>
</hibernate-mapping>
