<?xml version="1.0"?>
<!DOCTYPE hibernate-mapping PUBLIC "-//Hibernate/Hibernate Mapping DTD 3.0//EN"
"http://www.hibernate.org/dtd/hibernate-mapping-3.0.dtd">
<!-- Generated 27/05/2018 04:12:12 PM by Hibernate Tools 4.3.1 -->
<hibernate-mapping>
    <class name="Entidades.GenAplicacion" table="`GEN-Aplicacion`" catalog="TTA053Sistema" optimistic-lock="version">
        <id name="idAplicacion" type="string">
            <column name="idAplicacion" length="36" />
            <generator class="assigned" />
        </id>
        <property name="nombreApp" type="string">
            <column name="NombreApp" length="100" not-null="true" />
        </property>
        <property name="descripcion" type="string">
            <column name="Descripcion" length="150" not-null="true" />
        </property>
<!--        <set name="genCuentaAplicacions" table="`GEN-CuentaAplicacion`" inverse="true" lazy="true" fetch="select">
            <key>
                <column name="idAplicacionfk" length="36" not-null="true" />
            </key>
            <one-to-many class="Entidades.GenCuentaAplicacion" />
        </set>-->
    </class>
</hibernate-mapping>
