<?xml version="1.0"?>
<!DOCTYPE hibernate-mapping PUBLIC "-//Hibernate/Hibernate Mapping DTD 3.0//EN"
"http://www.hibernate.org/dtd/hibernate-mapping-3.0.dtd">
<!-- Generated 27/05/2018 04:12:12 PM by Hibernate Tools 4.3.1 -->
<hibernate-mapping>
    <class name="Entidades.GenCodigoReContrasena" table="`GEN-CodigoReContrasena`" catalog="TTA053Sistema" optimistic-lock="version">
        <id name="idCodigoReContrasena" type="string">
            <column name="idCodigoReContrasena" length="36" />
            <generator class="assigned" />
        </id>
        <many-to-one name="genCuenta" class="Entidades.GenCuenta" fetch="select">
            <column name="idCuentafk" length="36" not-null="true" />
        </many-to-one>
        <property name="codigoContrasenacol" type="string">
            <column name="CodigoContrasenacol" length="45" not-null="true" />
        </property>
        <property name="fechalim" type="timestamp">
            <column name="Fechalim" length="19" not-null="true" />
        </property>
    </class>
</hibernate-mapping>
