<?xml version="1.0"?>
<!DOCTYPE hibernate-mapping PUBLIC "-//Hibernate/Hibernate Mapping DTD 3.0//EN"
"http://www.hibernate.org/dtd/hibernate-mapping-3.0.dtd">
<!-- Generated 27/05/2018 04:12:12 PM by Hibernate Tools 4.3.1 -->
<hibernate-mapping>
    <class name="Entidades.GenCuentaAplicacion" table="`GEN-CuentaAplicacion`" catalog="TTA053Sistema" optimistic-lock="version">
        <composite-id name="id" class="Entidades.GenCuentaAplicacionId">
            <key-property name="idCuentafk" type="string">
                <column name="idCuentafk" length="36" />
            </key-property>
            <key-property name="idAplicacionfk" type="string">
                <column name="idAplicacionfk" length="36" />
            </key-property>
        </composite-id>
        <many-to-one name="genAplicacion" class="Entidades.GenAplicacion" update="false" insert="false" fetch="select">
            <column name="idAplicacionfk" length="36" not-null="true" />
        </many-to-one>
        <many-to-one name="genCuenta" class="Entidades.GenCuenta" update="false" insert="false" fetch="select">
            <column name="idCuentafk" length="36" not-null="true" />
        </many-to-one>
    </class>
</hibernate-mapping>
