<?xml version="1.0"?>
<!DOCTYPE hibernate-mapping PUBLIC "-//Hibernate/Hibernate Mapping DTD 3.0//EN"
"http://www.hibernate.org/dtd/hibernate-mapping-3.0.dtd">
<!-- Generated 27/05/2018 04:12:12 PM by Hibernate Tools 4.3.1 -->
<hibernate-mapping>
    <class name="Entidades.GenCuenta" table="`GEN-Cuenta`" catalog="TTA053Sistema" optimistic-lock="version">
        <id name="idCuenta" type="string">
            <column name="idCuenta" length="36" />
            <generator class="assigned" />
        </id>
        <many-to-one name="genUsuario" class="Entidades.GenUsuario" fetch="select">
            <column name="idUsuario" length="36" not-null="true" />
        </many-to-one>
        <property name="estado" type="boolean">
            <column name="Estado" not-null="true" />
        </property>
<!--        <set name="sesions" table="Sesion" inverse="true" lazy="true" fetch="select">
            <key>
                <column name="idCuentafk" length="36" not-null="true" />
            </key>
            <one-to-many class="Entidades.Sesion" />
        </set>
        <set name="genCodigoReContrasenas" table="`GEN-CodigoReContrasena`" inverse="true" lazy="true" fetch="select">
            <key>
                <column name="idCuentafk" length="36" not-null="true" />
            </key>
            <one-to-many class="Entidades.GenCodigoReContrasena" />
        </set>
        <set name="genCuentaAplicacions" table="`GEN-CuentaAplicacion`" inverse="true" lazy="true" fetch="select">
            <key>
                <column name="idCuentafk" length="36" not-null="true" />
            </key>
            <one-to-many class="Entidades.GenCuentaAplicacion" />
        </set>-->
    </class>
</hibernate-mapping>
