<?xml version="1.0"?>
<!DOCTYPE hibernate-mapping PUBLIC "-//Hibernate/Hibernate Mapping DTD 3.0//EN"
"http://www.hibernate.org/dtd/hibernate-mapping-3.0.dtd">
<!-- Generated 27/05/2018 04:12:12 PM by Hibernate Tools 4.3.1 -->
<hibernate-mapping>
    <class name="Entidades.GenRol" table="`GEN-Rol`" catalog="TTA053Sistema" optimistic-lock="version">
        <id name="idRol" type="string">
            <column name="idRol" length="36" />
            <generator class="assigned" />
        </id>
        <property name="nombre" type="string">
            <column name="Nombre" length="50" not-null="true" />
        </property>
        <property name="descripcion" type="string">
            <column name="Descripcion" length="100" not-null="true" />
        </property>
<!--        <set name="genRolUsuarios" table="`GEN-RolUsuario`" inverse="true" lazy="true" fetch="select">
            <key>
                <column name="idRolfk" length="36" not-null="true" />
            </key>
            <one-to-many class="Entidades.GenRolUsuario" />
        </set>-->
    </class>
</hibernate-mapping>
