<?xml version="1.0"?>
<!DOCTYPE hibernate-mapping PUBLIC "-//Hibernate/Hibernate Mapping DTD 3.0//EN"
"http://www.hibernate.org/dtd/hibernate-mapping-3.0.dtd">
<!-- Generated 27/05/2018 04:12:12 PM by Hibernate Tools 4.3.1 -->
<hibernate-mapping>
    <class name="Entidades.GenRolUsuario" table="`GEN-RolUsuario`" catalog="TTA053Sistema" optimistic-lock="version">
        <composite-id name="id" class="Entidades.GenRolUsuarioId">
            <key-property name="idRolfk" type="string">
                <column name="idRolfk" length="36" />
            </key-property>
            <key-property name="idUsuariofk" type="string">
                <column name="idUsuariofk" length="36" />
            </key-property>
        </composite-id>
        <many-to-one name="genRol" class="Entidades.GenRol" update="false" insert="false" fetch="select">
            <column name="idRolfk" length="36" not-null="true" />
        </many-to-one>
        <many-to-one name="genUsuario" class="Entidades.GenUsuario" update="false" insert="false" fetch="select">
            <column name="idUsuariofk" length="36" not-null="true" />
        </many-to-one>
    </class>
</hibernate-mapping>
