<?xml version="1.0"?>
<!DOCTYPE hibernate-mapping PUBLIC "-//Hibernate/Hibernate Mapping DTD 3.0//EN"
"http://www.hibernate.org/dtd/hibernate-mapping-3.0.dtd">
<!-- Generated 27/05/2018 04:12:12 PM by Hibernate Tools 4.3.1 -->
<hibernate-mapping>
    <class name="Entidades.GenUsuario" table="`GEN-Usuario`" catalog="TTA053Sistema" optimistic-lock="version">
        <id name="idUsuario" type="string">
            <column name="idUsuario" length="36" />
            <generator class="assigned" />
        </id>
        <property name="nombre" type="string">
            <column name="Nombre" length="60" not-null="true" />
        </property>
        <property name="app" type="string">
            <column name="App" length="60" not-null="true" />
        </property>
        <property name="apm" type="string">
            <column name="Apm" length="60" not-null="true" />
        </property>
        <property name="correo" type="string">
            <column name="correo" length="70" not-null="true" />
        </property>
        <property name="contrasena" type="string">
            <column name="contrasena" length="16" not-null="true" />
        </property>
        <property name="foto" type="binary">
            <column name="Foto" />
        </property>
        <property name="fechaNacimiento" type="date">
            <column name="FechaNacimiento" length="10" not-null="true" />
        </property>
        <property name="tel" type="string">
            <column name="Tel" length="10" not-null="true" />
        </property>
        <property name="cel" type="string">
            <column name="Cel" length="13" not-null="true" />
        </property>
        <property name="direccion" type="string">
            <column name="Direccion" length="100" not-null="true" />
        </property>
<!--        <set name="pacientes" table="Paciente" inverse="true" lazy="true" fetch="select">
            <key>
                <column name="idUsuariofk" length="36" not-null="true" />
            </key>
            <one-to-many class="Entidades.Paciente" />
        </set>
        <set name="genCuentas" table="`GEN-Cuenta`" inverse="true" lazy="true" fetch="select">
            <key>
                <column name="idUsuario" length="36" not-null="true" />
            </key>
            <one-to-many class="Entidades.GenCuenta" />
        </set>
        <set name="genRolUsuarios" table="`GEN-RolUsuario`" inverse="true" lazy="true" fetch="select">
            <key>
                <column name="idUsuariofk" length="36" not-null="true" />
            </key>
            <one-to-many class="Entidades.GenRolUsuario" />
        </set>
        <set name="psicologos" table="Psicologo" inverse="true" lazy="true" fetch="select">
            <key>
                <column name="idUsuariofk" length="36" not-null="true" />
            </key>
            <one-to-many class="Entidades.Psicologo" />
        </set>-->
    </class>
</hibernate-mapping>
