<?xml version="1.0"?>
<!DOCTYPE hibernate-mapping PUBLIC "-//Hibernate/Hibernate Mapping DTD 3.0//EN"
"http://www.hibernate.org/dtd/hibernate-mapping-3.0.dtd">
<!-- Generated 27/05/2018 04:12:12 PM by Hibernate Tools 4.3.1 -->
<hibernate-mapping>
    <class name="Entidades.Historial" table="Historial" catalog="TTA053Sistema" optimistic-lock="version">
        <id name="idHistorial" type="string">
            <column name="idHistorial" length="36" />
            <generator class="assigned" />
        </id>
        <many-to-one name="diagnostico" class="Entidades.Diagnostico" fetch="select">
            <column name="idDiagnosticofk" length="36" not-null="true" />
        </many-to-one>
        <property name="idPacientefk" type="string">
            <column name="idPacientefk" length="45" not-null="true" />
        </property>
<!--        <set name="sesionConsultas" table="SesionConsulta" inverse="true" lazy="true" fetch="select">
            <key>
                <column name="idHistorialfk" length="36" not-null="true" />
            </key>
            <one-to-many class="Entidades.SesionConsulta" />
        </set>-->
    </class>
</hibernate-mapping>
