<?xml version="1.0"?>
<!DOCTYPE hibernate-mapping PUBLIC "-//Hibernate/Hibernate Mapping DTD 3.0//EN"
"http://www.hibernate.org/dtd/hibernate-mapping-3.0.dtd">
<!-- Generated 27/05/2018 04:12:12 PM by Hibernate Tools 4.3.1 -->
<hibernate-mapping>
    <class name="Entidades.Monitoreo" table="Monitoreo" catalog="TTA053Sistema" optimistic-lock="version">
        <id name="idMonitoreo" type="string">
            <column name="idMonitoreo" length="36" />
            <generator class="assigned" />
        </id>
        <many-to-one name="pregunta" class="Entidades.Pregunta" fetch="select">
            <column name="idPreguntafk" length="36" not-null="true" />
        </many-to-one>
        <property name="promedioGeneral" type="java.lang.Double">
            <column name="promedioGeneral" precision="22" scale="0" />
        </property>
        <property name="promedioSenial1" type="java.lang.Double">
            <column name="promedioSenial1" precision="22" scale="0" />
        </property>
        <property name="promedioSenial2" type="java.lang.Double">
            <column name="promedioSenial2" precision="22" scale="0" />
        </property>
        <property name="promedioSenial3" type="java.lang.Double">
            <column name="promedioSenial3" precision="22" scale="0" />
        </property>
        <property name="promedioSenial4" type="java.lang.Double">
            <column name="promedioSenial4" precision="22" scale="0" />
        </property>
    </class>
</hibernate-mapping>
