<?xml version="1.0"?>
<!DOCTYPE hibernate-mapping PUBLIC "-//Hibernate/Hibernate Mapping DTD 3.0//EN"
"http://www.hibernate.org/dtd/hibernate-mapping-3.0.dtd">
<!-- Generated 27/05/2018 04:12:12 PM by Hibernate Tools 4.3.1 -->
<hibernate-mapping>
    <class name="Entidades.Paciente" table="Paciente" catalog="TTA053Sistema" optimistic-lock="version">
        <id name="idPaciente" type="string">
            <column name="idPaciente" length="36" />
            <generator class="assigned" />
        </id>
        <many-to-one name="genUsuario" class="Entidades.GenUsuario" fetch="select">
            <column name="idUsuariofk" length="36" not-null="true" />
        </many-to-one>
        <many-to-one name="psicologo" class="Entidades.Psicologo" fetch="select">
            <column name="idPsicologofk" length="36" not-null="true" />
        </many-to-one>
        <property name="alias" type="string">
            <column name="Alias" length="50" />
        </property>
        <property name="gradoEscolar" type="string">
            <column name="GradoEscolar" length="60" />
        </property>
<!--        <set name="tutors" table="Tutor" inverse="true" lazy="true" fetch="select">
            <key>
                <column name="idPacientefk" length="36" not-null="true" />
            </key>
            <one-to-many class="Entidades.Tutor" />
        </set>-->
    </class>
</hibernate-mapping>
