<?xml version="1.0"?>
<!DOCTYPE hibernate-mapping PUBLIC "-//Hibernate/Hibernate Mapping DTD 3.0//EN"
"http://www.hibernate.org/dtd/hibernate-mapping-3.0.dtd">
<!-- Generated 27/05/2018 04:12:12 PM by Hibernate Tools 4.3.1 -->
<hibernate-mapping>
    <class name="Entidades.Pendientes" table="Pendientes" catalog="TTA053Sistema" optimistic-lock="version">
        <id name="idPendientes" type="string">
            <column name="idPendientes" length="36" />
            <generator class="assigned" />
        </id>
        <many-to-one name="dia" class="Entidades.Dia" fetch="select">
            <column name="idDiafk" length="36" not-null="true" />
        </many-to-one>
        <property name="pendiente" type="string">
            <column name="Pendiente" length="60" not-null="true" />
        </property>
        <property name="descripcion" type="string">
            <column name="Descripcion" length="150" not-null="true" />
        </property>
        <property name="concretada" type="boolean">
            <column name="concretada" not-null="true" />
        </property>
        <property name="hora" type="time">
            <column name="hora" length="8" />
        </property>
    </class>
</hibernate-mapping>
