<?xml version="1.0"?>
<!DOCTYPE hibernate-mapping PUBLIC "-//Hibernate/Hibernate Mapping DTD 3.0//EN"
"http://www.hibernate.org/dtd/hibernate-mapping-3.0.dtd">
<!-- Generated 27/05/2018 04:12:12 PM by Hibernate Tools 4.3.1 -->
<hibernate-mapping>
    <class name="Entidades.Pregunta" table="Pregunta" catalog="TTA053Sistema" optimistic-lock="version">
        <id name="idPregunta" type="string">
            <column name="idPregunta" length="36" />
            <generator class="assigned" />
        </id>
        <many-to-one name="sesionConsulta" class="Entidades.SesionConsulta" fetch="select">
            <column name="idSesionConsultafk" length="36" not-null="true" />
        </many-to-one>
        <property name="pregunta" type="string">
            <column name="pregunta" length="70" not-null="true" />
        </property>
        <property name="respuestaPaciente" type="string">
            <column name="respuestaPaciente" length="150" />
        </property>
        <property name="analisis" type="string">
            <column name="analisis" length="150" />
        </property>
        <property name="tiempo" type="time">
            <column name="tiempo" length="8" />
        </property>
        <property name="num" type="int">
            <column name="num" not-null="true" />
        </property>
<!--        <set name="analisisNeuronals" table="AnalisisNeuronal" inverse="true" lazy="true" fetch="select">
            <key>
                <column name="idPreguntafk" length="36" not-null="true" />
            </key>
            <one-to-many class="Entidades.AnalisisNeuronal" />
        </set>
        <set name="monitoreos" table="Monitoreo" inverse="true" lazy="true" fetch="select">
            <key>
                <column name="idPreguntafk" length="36" not-null="true" />
            </key>
            <one-to-many class="Entidades.Monitoreo" />
        </set>-->
    </class>
</hibernate-mapping>
