<?xml version="1.0"?>
<!DOCTYPE hibernate-mapping PUBLIC "-//Hibernate/Hibernate Mapping DTD 3.0//EN"
"http://www.hibernate.org/dtd/hibernate-mapping-3.0.dtd">
<!-- Generated 27/05/2018 04:12:12 PM by Hibernate Tools 4.3.1 -->
<hibernate-mapping>
    <class name="Entidades.Psicologo" table="Psicologo" catalog="TTA053Sistema" optimistic-lock="version">
        <id name="idPsicologo" type="string">
            <column name="idPsicologo" length="36" />
            <generator class="assigned" />
        </id>
        <many-to-one name="genUsuario" class="Entidades.GenUsuario" fetch="select">
            <column name="idUsuariofk" length="36" not-null="true" />
        </many-to-one>
        <property name="carrera" type="string">
            <column name="Carrera" length="60" not-null="true" />
        </property>
        <property name="especialidad" type="string">
            <column name="Especialidad" length="60" not-null="true" />
        </property>
        <property name="aniosexperiencia" type="java.lang.Integer">
            <column name="aniosexperiencia" />
        </property>
<!--        <set name="agendas" table="Agenda" inverse="true" lazy="true" fetch="select">
            <key>
                <column name="idPsicologofk" length="36" not-null="true" />
            </key>
            <one-to-many class="Entidades.Agenda" />
        </set>
        <set name="pacientes" table="Paciente" inverse="true" lazy="true" fetch="select">
            <key>
                <column name="idPsicologofk" length="36" not-null="true" />
            </key>
            <one-to-many class="Entidades.Paciente" />
        </set>-->
    </class>
</hibernate-mapping>
