<?xml version="1.0"?>
<!DOCTYPE hibernate-mapping PUBLIC "-//Hibernate/Hibernate Mapping DTD 3.0//EN"
"http://www.hibernate.org/dtd/hibernate-mapping-3.0.dtd">
<!-- Generated 27/05/2018 04:12:12 PM by Hibernate Tools 4.3.1 -->
<hibernate-mapping>
    <class name="Entidades.SesionConsulta" table="SesionConsulta" catalog="TTA053Sistema" optimistic-lock="version">
        <id name="idSesionConsulta" type="string">
            <column name="idSesionConsulta" length="36" />
            <generator class="assigned" />
        </id>
        <many-to-one name="historial" class="Entidades.Historial" fetch="select">
            <column name="idHistorialfk" length="36" not-null="true" />
        </many-to-one>
        <property name="objetivo" type="string">
            <column name="objetivo" length="80" not-null="true" />
        </property>
        <property name="descripcion" type="string">
            <column name="descripcion" length="250" />
        </property>
        <property name="resumen" type="string">
            <column name="resumen" length="150" />
        </property>
        <property name="tiempo" type="time">
            <column name="tiempo" length="8" />
        </property>
        <property name="objetivoCumplido" type="java.lang.Boolean">
            <column name="objetivoCumplido" />
        </property>
        <property name="idPsicologofk" type="string">
            <column name="idPsicologofk" length="36" not-null="true" />
        </property>
        <property name="idPacientefk" type="string">
            <column name="idPacientefk" length="36" not-null="true" />
        </property>
        <property name="fecha" type="date">
            <column name="fecha" length="10" not-null="true" />
        </property>
        <property name="hora" type="time">
            <column name="hora" length="8" not-null="true" />
        </property>
        <property name="statusSesion" type="java.lang.Boolean">
            <column name="statusSesion" not-null="true" />
        </property>
        
<!--        <set name="preguntas" table="Pregunta" inverse="true" lazy="true" fetch="select">
            <key>
                <column name="idSesionConsultafk" length="36" not-null="true" />
            </key>
            <one-to-many class="Entidades.Pregunta" />
        </set>-->
    </class>
</hibernate-mapping>
