<?xml version="1.0"?>
<!DOCTYPE hibernate-mapping PUBLIC "-//Hibernate/Hibernate Mapping DTD 3.0//EN"
"http://www.hibernate.org/dtd/hibernate-mapping-3.0.dtd">
<!-- Generated 27/05/2018 04:12:12 PM by Hibernate Tools 4.3.1 -->
<hibernate-mapping>
    <class name="Entidades.Sesion" table="Sesion" catalog="TTA053Sistema" optimistic-lock="version">
        <id name="idSesion" type="string">
            <column name="idSesion" length="36" />
            <generator class="assigned" />
        </id>
        <many-to-one name="genCuenta" class="Entidades.GenCuenta" fetch="select">
            <column name="idCuentafk" length="36" not-null="true" />
        </many-to-one>
        <property name="tipo" type="string">
            <column name="Tipo" length="45" not-null="true" />
        </property>
        <property name="estado" type="boolean">
            <column name="Estado" not-null="true" />
        </property>
        <property name="ip" type="string">
            <column name="IP" length="60" />
        </property>
    </class>
</hibernate-mapping>
