<?xml version="1.0"?>
<!DOCTYPE hibernate-mapping PUBLIC "-//Hibernate/Hibernate Mapping DTD 3.0//EN"
"http://www.hibernate.org/dtd/hibernate-mapping-3.0.dtd">
<!-- Generated 27/05/2018 04:12:12 PM by Hibernate Tools 4.3.1 -->
<hibernate-mapping>
    <class name="Entidades.Tutor" table="Tutor" catalog="TTA053Sistema" optimistic-lock="version">
        <id name="idTutor" type="string">
            <column name="idTutor" length="36" />
            <generator class="assigned" />
        </id>
        <many-to-one name="paciente" class="Entidades.Paciente" fetch="select">
            <column name="idPacientefk" length="36" not-null="true" />
        </many-to-one>
        <property name="nombre" type="string">
            <column name="Nombre" length="50" not-null="true" />
        </property>
        <property name="apellidoP" type="string">
            <column name="ApellidoP" length="50" not-null="true" />
        </property>
        <property name="apellidoM" type="string">
            <column name="ApellidoM" length="50" not-null="true" />
        </property>
        <property name="correo" type="string">
            <column name="correo" length="50" not-null="true" />
        </property>
        <property name="tel" type="string">
            <column name="Tel" length="45" not-null="true" />
        </property>
        <property name="cel" type="string">
            <column name="Cel" length="45" not-null="true" />
        </property>
        <property name="parentezco" type="string">
            <column name="parentezco" length="45" not-null="true" />
        </property>
    </class>
</hibernate-mapping>
