<?xml version="1.0" encoding="UTF-8"?>
<beans xmlns="http://www.springframework.org/schema/beans"
       xmlns:xsi="http://www.w3.org/2001/XMLSchema-instance"
       xmlns:security="http://www.springframework.org/schema/security"
       xsi:schemaLocation="
       http://www.springframework.org/schema/beans
       http://www.springframework.org/schema/beans/spring-beans.xsd
       http://www.springframework.org/schema/security
       http://www.springframework.org/schema/security/spring-security.xsd">

    
    
    <security:authentication-manager>
        <security:authentication-provider>
            <security:user-service id="userService" >
                <security:user name="viv" password="123" authorities="customer"/>
                <security:user name="appPsicologo" password="PsicologoESCOM" authorities="customer"/>
<!--                <security:user name="appPaciente" password="PacienteESCOM" authorities="customer"/>-->
            </security:user-service>
        </security:authentication-provider> 
    </security:authentication-manager>
    
    <security:http create-session="stateless" use-expressions="true">
        <!--Solo protege la url que se pone en nuestro caso es cualquiera despues de la raiz-->
        <security:intercept-url pattern="/**" 
                                access="hasAnyRole('customer')"/>
        <security:http-basic/>
    </security:http>
</beans>
