<?xml version="1.0" encoding="UTF-8"?>
<!DOCTYPE hibernate-configuration PUBLIC "-//Hibernate/Hibernate Configuration DTD 3.0//EN" "http://hibernate.sourceforge.net/hibernate-configuration-3.0.dtd">
<hibernate-configuration>
  <session-factory>
    <property name="hibernate.dialect">org.hibernate.dialect.MySQLDialect</property>
    <property name="hibernate.connection.driver_class">com.mysql.jdbc.Driver</property>
    <property name="hibernate.connection.url">jdbc:mysql://db.solutionsmx.com:3306/TTA053Sistema?zeroDateTimeBehavior=convertToNull</property>
    <property name="hibernate.connection.username">tt.app.paciente</property>
    <property name="hibernate.connection.password">TT-053-2017</property>
    <property name="c3p0.acquire_increment">1</property>
    <property name="c3p0.idle_test_period">100</property>
    <property name="c3p0.max_size">50</property>
    <property name="c3p0.max_statements">10</property>
    <property name="c3p0.min_size">3</property>
    <property name="c3p0.timeout">200</property>
    <property name="hibernate.c3p0.testConnectionOnCheckout">true</property>
    <property name="hibernate.current_session_context_class">thread</property>
    <mapping resource="Entidades/Tutor.hbm.xml"/>
    <mapping resource="Entidades/Paciente.hbm.xml"/>
    <mapping resource="Entidades/GenRolUsuario.hbm.xml"/>
    <mapping resource="Entidades/Dia.hbm.xml"/>
    <mapping resource="Entidades/Sesion.hbm.xml"/>
    <mapping resource="Entidades/Psicologo.hbm.xml"/>
    <mapping resource="Entidades/Historial.hbm.xml"/>
    <mapping resource="Entidades/SesionConsulta.hbm.xml"/>
    <mapping resource="Entidades/DiaPaciente.hbm.xml"/>
    <mapping resource="Entidades/GenCuenta.hbm.xml"/>
    <mapping resource="Entidades/Pendientes.hbm.xml"/>
    <mapping resource="Entidades/Diagnostico.hbm.xml"/>
    <mapping resource="Entidades/DiarioPaciente.hbm.xml"/>
    <mapping resource="Entidades/GenAplicacion.hbm.xml"/>
    <mapping resource="Entidades/GenUsuario.hbm.xml"/>
    <mapping resource="Entidades/EstadoAnimo.hbm.xml"/>
    <mapping resource="Entidades/GenCuentaAplicacion.hbm.xml"/>
    <mapping resource="Entidades/AccionRealizada.hbm.xml"/>
    <mapping resource="Entidades/Pregunta.hbm.xml"/>
    <mapping resource="Entidades/GenCodigoReContrasena.hbm.xml"/>
    <mapping resource="Entidades/Agenda.hbm.xml"/>
    <mapping resource="Entidades/AnalisisNeuronal.hbm.xml"/>
    <mapping resource="Entidades/GenRol.hbm.xml"/>
    <mapping resource="Entidades/Monitoreo.hbm.xml"/>
  </session-factory>
</hibernate-configuration>
