<?xml version="1.0" encoding="UTF-8"?>
<!DOCTYPE hibernate-reverse-engineering PUBLIC "-//Hibernate/Hibernate Reverse Engineering DTD 3.0//EN" "http://hibernate.sourceforge.net/hibernate-reverse-engineering-3.0.dtd">

<hibernate-reverse-engineering>
  <schema-selection match-catalog="TTA053Sistema"/>
  <table-filter match-name="GEN-CodigoReContrasena"/>
  <table-filter match-name="Historial"/>
  <table-filter match-name="DiaPaciente"/>
  <table-filter match-name="GEN-Cuenta"/>
  <table-filter match-name="Psicologo"/>
  <table-filter match-name="EstadoAnimo"/>
  <table-filter match-name="GEN-RolUsuario"/>
  <table-filter match-name="GEN-Usuario"/>
  <table-filter match-name="Pendientes"/>
  <table-filter match-name="Agenda"/>
  <table-filter match-name="SesionConsulta"/>
  <table-filter match-name="Sesion"/>
  <table-filter match-name="GEN-Rol"/>
  <table-filter match-name="AnalisisNeuronal"/>
  <table-filter match-name="DiarioPaciente"/>
  <table-filter match-name="GEN-Aplicacion"/>
  <table-filter match-name="Diagnostico"/>
  <table-filter match-name="Monitoreo"/>
  <table-filter match-name="AccionRealizada"/>
  <table-filter match-name="Paciente"/>
  <table-filter match-name="Dia"/>
  <table-filter match-name="Tutor"/>
  <table-filter match-name="Pregunta"/>
  <table-filter match-name="GEN-CuentaAplicacion"/>
</hibernate-reverse-engineering>
