<?xml version="1.0" encoding="UTF-8"?>
<project-shared-configuration>
    <libraries xmlns="http://www.netbeans.org/ns/cdnjs-libraries/1"/>
    <spring-data xmlns="http://www.netbeans.org/ns/spring-data/1">
        <config-files>
            <config-file>src/main/webapp/WEB-INF/spring/appServlet/context-security.xml</config-file>
        </config-files>
        <config-file-groups/>
    </spring-data>
    <properties xmlns="http://www.netbeans.org/ns/maven-properties-data/1">
        <org-netbeans-modules-maven-j2ee.netbeans_2e_hint_2e_j2eeVersion>1.7-web</org-netbeans-modules-maven-j2ee.netbeans_2e_hint_2e_j2eeVersion>
        <org-netbeans-modules-maven-j2ee.netbeans_2e_hint_2e_deploy_2e_server>Tomcat</org-netbeans-modules-maven-j2ee.netbeans_2e_hint_2e_deploy_2e_server>
        <org-netbeans-modules-css-prep.less_2e_mappings>/less:/css</org-netbeans-modules-css-prep.less_2e_mappings>
        <org-netbeans-modules-css-prep.less_2e_enabled>false</org-netbeans-modules-css-prep.less_2e_enabled>
        <org-netbeans-modules-css-prep.sass_2e_enabled>true</org-netbeans-modules-css-prep.sass_2e_enabled>
        <org-netbeans-modules-css-prep.sass_2e_compiler_2e_options/>
        <org-netbeans-modules-css-prep.less_2e_compiler_2e_options/>
        <org-netbeans-modules-css-prep.sass_2e_mappings>/scss:/css</org-netbeans-modules-css-prep.sass_2e_mappings>
        <org-netbeans-modules-web-clientproject-api.js_2e_libs_2e_folder>js/libs</org-netbeans-modules-web-clientproject-api.js_2e_libs_2e_folder>
        <org-netbeans-modules-javascript2-requirejs.enabled>true</org-netbeans-modules-javascript2-requirejs.enabled>
        <org-netbeans-modules-css-prep.sass_2e_configured>true</org-netbeans-modules-css-prep.sass_2e_configured>
    </properties>
</project-shared-configuration>
