{
    "_comment": "El comentario es así el json que recibe para modificar paciente...",

            "idPaciente": "150c3833-dd56-45ce-9b38-53a5e0ed7a9a",
            "genUsuario": {
                "idUsuario": "4ab55394-24bc-4049-b684-8056cc446d15",
                "nombre": "Miriam",
                "app": "Razo",
                "apm": "Sanchez",
                "correo": "stilermarco@gmail.com",
                "contrasena": "1234",
                "foto": null,
                "fechaNacimiento": 59822773200000,
                "tel": "34353435",
                "cel": "5547607426",
                "direccion": "Oriente 257 #236 Depto. C-1 Col. Agricola Oriental delegación Iztacalco."
            },
            "psicologo":{
            	"idPsicologo": "abd2ae44-d478-48fa-84f7-84abc69f5299",
                "genUsuario": {
                    "idUsuario": "eec7fff1-9961-45c5-9908-726794d2bb28",
                    "nombre": "Marco Alberto",
                    "app": "Navarro",
                    "apm": "Razo",
                    "correo": "stilermarco@hotmail.com",
                    "contrasena": "1234",
                    "foto": null,
                    "fechaNacimiento": 794383200000,
                    "tel": "68343534",
                    "cel": "5547607426",
                    "direccion": "Oriente 257 #236 C-1 Col.Agricola Oriental, C.P. 08500."
                },
                "carrera": "Lic. en Psicología",
                "especialidad": "Psicólogo General",
                "aniosexperiencia": 2
            },
            "alias": "Miris",
            "gradoEscolar": "3° Secundaria"
        }