<?xml version="1.0" encoding="UTF-8"?>
<project-private xmlns="http://www.netbeans.org/ns/project-private/1">
    <editor-bookmarks xmlns="http://www.netbeans.org/ns/editor-bookmarks/2" lastBookmarkId="0"/>
    <open-files xmlns="http://www.netbeans.org/ns/projectui-open-files/2">
        <group>
            <file>file:/C:/Proyectos/TTA053/HibernatePercistenceTTA053/src/DAOSMOD3/CRUD_SesionConsulta.java</file>
            <file>file:/C:/Proyectos/TTA053/HibernatePercistenceTTA053/src/Procesos/RN/SesionConsulta/SesionConsultaRN.java</file>
            <file>file:/C:/Proyectos/TTA053/HibernatePercistenceTTA053/src/PruebasUnitariasSesion/PruebaUnitariaCitaCalendar.java</file>
            <file>file:/C:/Proyectos/TTA053/HibernatePercistenceTTA053/src/Procesos/RN/SesionConsulta/HistorialDiagnosticoRN.java</file>
        </group>
    </open-files>
</project-private>
